noise,seed,method,method_param,n_states,ari_coarse,ari_fine,ari_joint,test_logloss,unifilarity,branch_entropy,elapsed_s
0.02,0,prism_predictive,0.25,35,0.07511179999404155,0.18657675569015475,0.3813553148631186,1.425003288391843,0.9876203576341129,0.04456289909698055,0.027358249993994832
0.02,0,prism_predictive,0.3,31,0.07729967881519138,0.19936903614124005,0.3889310610539653,1.42922213268708,0.9791796923846444,0.07445997175858582,0.02607737493235618
0.02,0,prism_predictive,0.35,24,0.08079809478295981,0.21933529340391572,0.40063048590748274,1.4328852371922864,0.9564211579342251,0.14573609318161906,0.025320625049062073
0.02,0,prism_predictive,0.4,10,0.06558759260532776,0.243759463714888,0.2606509418444055,1.5224263480166003,0.8464424159059646,0.45963151127668755,0.02509262494277209
0.02,0,prism_predictive,0.45,2,0.0034372273545905164,0.011995269987969293,0.008891194132353142,1.6770791992996803,0.9426659997499062,0.17764656666278603,0.024792958982288837
0.02,0,prism_predictive,0.5,1,0.0,0.0,0.0,1.7037332423825902,1.0,0.0,0.02474908297881484
0.02,0,history_kmeans,3.0,3,0.004702291551880965,0.15635830404103693,0.09760662570273107,1.6530762210978345,0.7874828060522696,0.5910677430245144,0.0264968330739066
0.02,0,history_kmeans,6.0,6,0.01043538216844429,0.5771492334204825,0.28535755266641355,1.622040365305301,1.0,0.0,0.02976554201450199
0.02,0,history_kmeans,12.0,12,0.04582543140518088,0.3596007176134361,0.3287928757715345,1.5439645044315893,0.9524196573715143,0.15365741667582775,0.04031954100355506
0.02,1,prism_predictive,0.25,35,0.071227322427502,0.17951436774777055,0.3648971707512176,1.4003248396447585,0.9957484056521196,0.014995209847993884,0.0258208749582991
0.02,1,prism_predictive,0.3,27,0.08043802982182457,0.2095268664120729,0.39626729641617187,1.4088073710741025,0.9719894960610228,0.09438861313876615,0.025055250036530197
0.02,1,prism_predictive,0.35,16,0.10229765316304812,0.21422237776752243,0.35855707551780813,1.4510294195827733,0.9029010879079652,0.3130136867164008,0.0250040830578655
0.02,1,prism_predictive,0.4,5,0.017573033240588624,0.32551507905363786,0.1649386329341498,1.606902611422877,0.8503813930223834,0.35961482338190326,0.02538916701450944
0.02,1,prism_predictive,0.45,1,0.0,0.0,0.0,1.7099142368570754,1.0,0.0,0.024626791011542082
0.02,1,prism_predictive,0.5,1,0.0,0.0,0.0,1.7099142368570754,1.0,0.0,0.024658167036250234
0.02,1,history_kmeans,3.0,3,0.008521481290885861,0.0989079731583575,0.11396975198259665,1.6311995572252662,0.6293610103788922,1.128627470865108,0.02489879191853106
0.02,1,history_kmeans,6.0,6,0.02635767837355638,0.2677390387150075,0.18922980931429104,1.5986341432419866,0.8093660122545955,0.5546830261494082,0.030869917012751102
0.02,1,history_kmeans,12.0,12,0.03967425200653937,0.2659805571278124,0.28920240973857025,1.5544790532668422,0.8900837814180316,0.34957858387292684,0.039046583930030465
0.02,2,prism_predictive,0.25,33,0.07528371367542736,0.1875916824722932,0.3805011518306234,1.4079688072029646,1.0,0.0,0.025380040984600782
0.02,2,prism_predictive,0.3,26,0.08231807143662077,0.21520157063828296,0.40093596765659556,1.4119327322165502,0.9772414655495812,0.07513339614339312,0.025394084048457444
0.02,2,prism_predictive,0.35,16,0.087651461040415,0.24407242746918265,0.40128538215012116,1.4384369885311679,0.9014005251969491,0.2994571638553354,0.024920833064243197
0.02,2,prism_predictive,0.4,8,0.07221571212660619,0.28510020037319833,0.24143394702702695,1.554011057507457,0.9075903463798928,0.2846019908408697,0.02496124990284443
0.02,2,prism_predictive,0.45,3,0.010359960201710743,0.3619808702822801,0.13482299381079804,1.6639487243517384,0.9491059147180193,0.12544877124658807,0.025084874941967428
0.02,2,prism_predictive,0.5,1,0.0,0.0,0.0,1.704139445400422,1.0,0.0,0.024567375076003373
0.02,2,history_kmeans,3.0,3,0.006899324658079849,0.06779101481085935,0.11467149087360434,1.6077646049656036,0.6502438414405401,1.1510938989302653,0.02627758402377367
0.02,2,history_kmeans,6.0,6,0.018640021088721107,0.19211122272385547,0.19143971016363995,1.614668034455562,0.7376516193572589,1.0609280903468077,0.02647054207045585
0.02,2,history_kmeans,12.0,12,0.03796246006611167,0.15770883648437267,0.2835811237493446,1.4985211305049286,0.6935100662748532,0.9536714924499542,0.03833666699938476
0.08,0,prism_predictive,0.25,35,0.057922053656477596,0.15838410438850192,0.31601475866884193,1.512907054362136,1.0,0.0,0.02681366598699242
0.08,0,prism_predictive,0.3,27,0.0605748580967162,0.17414423482885574,0.3247603338639912,1.5142346959640078,0.9608603226209828,0.13654252785058266,0.026014499948360026
0.08,0,prism_predictive,0.35,9,0.0552997512511361,0.10008905773142902,0.1120554961395116,1.5894814839656894,0.7623483806427408,0.7403262240970417,0.025757917086593807
0.08,0,prism_predictive,0.4,3,0.0041451837079735845,0.020993180723940793,0.019703589470539476,1.6694693339209554,0.8740777791671877,0.394613795981887,0.025280875037424266
0.08,0,prism_predictive,0.45,1,0.0,0.0,0.0,1.711773410840619,1.0,0.0,0.02493095805402845
0.08,0,prism_predictive,0.5,1,0.0,0.0,0.0,1.711773410840619,1.0,0.0,0.025075666955672204
0.08,0,history_kmeans,3.0,3,0.0033029115235900424,0.13621616871540038,0.0849823835425468,1.6751716281698217,0.7884831811929476,0.615324378736302,0.027346082963049412
0.08,0,history_kmeans,6.0,6,0.012809660480364587,0.4814444410447002,0.2509561947520277,1.6456679415604147,0.9855570839064649,0.053794057316877766,0.028958083014003932
0.08,0,history_kmeans,12.0,12,0.03734260764991383,0.3386877942654044,0.28190312030273573,1.6025590682252722,0.9887457796673751,0.03985906953015548,0.03902541601564735
0.08,1,prism_predictive,0.25,33,0.0552492632996623,0.15885214706878553,0.3064708367536544,1.5052189602851072,0.9877454045266972,0.03813673779401447,0.025502415955998003
0.08,1,prism_predictive,0.3,24,0.059999472111097865,0.18341629921906205,0.3172397173445212,1.518446691233565,0.9370388895835939,0.21320163433253123,0.025156958028674126
0.08,1,prism_predictive,0.35,8,0.05287119477229448,0.21782991442235122,0.2391900399728817,1.5731787078740207,0.852882330874078,0.3955249210629989,0.02509291609749198
0.08,1,prism_predictive,0.4,1,0.0,0.0,0.0,1.7223243885421198,1.0,0.0,0.024738874984905124
0.08,1,prism_predictive,0.45,1,0.0,0.0,0.0,1.7223243885421198,1.0,0.0,0.0247658749576658
0.08,1,prism_predictive,0.5,1,0.0,0.0,0.0,1.7223243885421198,1.0,0.0,0.02467891701962799
0.08,1,history_kmeans,3.0,3,4.193681217621806e-05,0.023527606621512993,0.07764753397723313,1.6693220588443096,0.5835313242465925,1.2913658313511611,0.026619457988999784
0.08,1,history_kmeans,6.0,6,0.01926881290690483,0.23362933022147012,0.15954478396449137,1.64781772561649,0.8058021758159309,0.5641040662389215,0.030701542040333152
0.08,1,history_kmeans,12.0,12,0.027711999838616514,0.1992479848737827,0.20333142735097004,1.6003227633943164,0.7971114167812933,0.5511645535152703,0.03833145904354751
0.08,2,prism_predictive,0.25,32,0.05911361804743496,0.16600787457227315,0.32057175513567676,1.4896718132604625,0.992122045767163,0.01824530887506466,0.02572666702326387
0.08,2,prism_predictive,0.3,22,0.06659524276008241,0.1884319609355562,0.3268291013726256,1.5020232053135596,0.9138426910091283,0.27372804422982383,0.025859792018309236
0.08,2,prism_predictive,0.35,10,0.07406171666851077,0.1328048346341777,0.14757417185385296,1.551601686440553,0.8188695760910343,0.5956797196533148,0.025939541053958237
0.08,2,prism_predictive,0.4,2,0.009066963333346894,0.007917990229726127,0.006543982723831483,1.69751124718499,0.9504814305364512,0.16374089094423852,0.02569454093463719
0.08,2,prism_predictive,0.45,1,0.0,0.0,0.0,1.7141069185782443,1.0,0.0,0.025163915939629078
0.08,2,prism_predictive,0.5,1,0.0,0.0,0.0,1.7141069185782443,1.0,0.0,0.025442584068514407
0.08,2,history_kmeans,3.0,3,0.005449170163602849,0.06165314480053522,0.10078441674810847,1.6396936078220685,0.6481805677128922,1.1703873916125536,0.027205499936826527
0.08,2,history_kmeans,6.0,6,0.008799517201951717,0.11583729020335397,0.19264825546088496,1.5996024220867948,0.5807802926097285,1.5355291732858751,0.030705667100846767
0.08,2,history_kmeans,12.0,12,0.027485911411845764,0.13415628447250783,0.24898750691463692,1.5588513533034927,0.6669376016006002,1.0220060902275485,0.044362207991071045
0.16,0,prism_predictive,0.25,28,0.04122153206825409,0.13119069492338634,0.24221772245390596,1.5835361892803688,0.9698636988870828,0.09136754254924313,0.02529408293776214
0.16,0,prism_predictive,0.3,14,0.036268943730943255,0.09908310266728561,0.13463031454205576,1.6012081979892048,0.7505939727397772,0.7655773851162094,0.02539970795623958
0.16,0,prism_predictive,0.35,2,0.0008355311887273328,0.007613817775635521,0.004767934040396725,1.7080652795885982,0.949230961610604,0.1629383124605746,0.024798583006486297
0.16,0,prism_predictive,0.4,1,0.0,0.0,0.0,1.7246408172896652,1.0,0.0,0.024647958925925195
0.16,0,prism_predictive,0.45,1,0.0,0.0,0.0,1.7246408172896652,1.0,0.0,0.024520750041119754
0.16,0,prism_predictive,0.5,1,0.0,0.0,0.0,1.7246408172896652,1.0,0.0,0.02457179198972881
0.16,0,history_kmeans,3.0,3,0.004453483652451182,0.27497274396146476,0.11262462394371014,1.718359713246473,0.9150306364886833,0.18793462602488226,0.026394625077955425
0.16,0,history_kmeans,6.0,6,0.005798448851402193,0.42016292637806446,0.21705718443018132,1.680853822738718,1.0,0.0,0.03461649990640581
0.16,0,history_kmeans,12.0,12,0.02804574752506337,0.23897259682066158,0.2303890248529481,1.6373108548557251,0.9536076028510689,0.12797802790819646,0.03828037506900728
0.16,1,prism_predictive,0.25,26,0.03927106865328403,0.1401275793430476,0.24018568059710935,1.5973444954227538,0.940227585344504,0.16611700952785696,0.025784583063796163
0.16,1,prism_predictive,0.3,13,0.054512907815453274,0.12954630749646992,0.16359180108393256,1.628940112860074,0.8415030636488682,0.5177973282893823,0.02540112496353686
0.16,1,prism_predictive,0.35,1,0.0,0.0,0.0,1.7338882791512056,1.0,0.0,0.02460962499026209
0.16,1,prism_predictive,0.4,1,0.0,0.0,0.0,1.7338882791512056,1.0,0.0,0.025081500061787665
0.16,1,prism_predictive,0.45,1,0.0,0.0,0.0,1.7338882791512056,1.0,0.0,0.025191624998115003
0.16,1,prism_predictive,0.5,1,0.0,0.0,0.0,1.7338882791512056,1.0,0.0,0.02553833299316466
0.16,1,history_kmeans,3.0,3,0.007296779202505274,0.09546363915615703,0.05792958650593596,1.698255190493256,0.7941102913592596,0.6471626159588691,0.025218541035428643
0.16,1,history_kmeans,6.0,6,0.01370619347862812,0.1954611326217211,0.1291655230521516,1.6834264728727624,0.8046767537826686,0.5775655845151442,0.030839999904856086
0.16,1,history_kmeans,12.0,12,0.016762795851493154,0.18431921731985737,0.1653406197372897,1.6554115520207622,0.8161185444541706,0.4991424499413041,0.038318124949000776
0.16,2,prism_predictive,0.25,31,0.04064966539480189,0.1363300801271282,0.24710348973328358,1.577366893714494,0.9965612104539202,0.014503666901166841,0.02550549991428852
0.16,2,prism_predictive,0.3,8,0.04737585846409406,0.11194813664148828,0.10715754974322718,1.6281390337777124,0.7699137176441164,0.6585458333511023,0.025100250029936433
0.16,2,prism_predictive,0.35,1,0.0,0.0,0.0,1.727061844008923,1.0000000000000002,0.0,0.024640624993480742
0.16,2,prism_predictive,0.4,1,0.0,0.0,0.0,1.727061844008923,1.0000000000000002,0.0,0.02467529196292162
0.16,2,prism_predictive,0.45,1,0.0,0.0,0.0,1.727061844008923,1.0000000000000002,0.0,0.02464575006160885
0.16,2,prism_predictive,0.5,1,0.0,0.0,0.0,1.727061844008923,1.0000000000000002,0.0,0.024666583049111068
0.16,2,history_kmeans,3.0,3,0.0010349104255767522,0.16669139461992016,0.057178383791977136,1.714049297951898,0.9428535700887833,0.2574910609002015,0.02460558305028826
0.16,2,history_kmeans,6.0,6,0.019191669060756183,0.08452894402078841,0.13432057777793105,1.675594733848686,0.5638364386644991,1.4947722445993208,0.028560000006109476
0.16,2,history_kmeans,12.0,12,0.024734732977257978,0.10400924867380922,0.18472372532444792,1.6334149695098918,0.6622483431286732,1.0494386679456729,0.03825670899823308
0.28,0,prism_predictive,0.25,8,0.01640840750167228,0.032494276484202764,0.037963434282633324,1.7001253979926993,0.7771039139677375,0.7475918586248799,0.025424041086807847
0.28,0,prism_predictive,0.3,2,0.0051127017232428735,0.004579452677514532,0.0037352571109445397,1.7416253187097694,0.9544204076528697,0.15161826802627984,0.02532483299728483
0.28,0,prism_predictive,0.35,1,0.0,0.0,0.0,1.7433941104684973,0.9999999999999999,0.0,0.025123749976046383
0.28,0,prism_predictive,0.4,1,0.0,0.0,0.0,1.7433941104684973,0.9999999999999999,0.0,0.025190167012624443
0.28,0,prism_predictive,0.45,1,0.0,0.0,0.0,1.7433941104684973,0.9999999999999999,0.0,0.024635833920910954
0.28,0,prism_predictive,0.5,1,0.0,0.0,0.0,1.7433941104684973,0.9999999999999999,0.0,0.02481700002681464
0.28,0,history_kmeans,3.0,3,0.0016386476019929145,0.19342099446841868,0.07857923143059976,1.7355378003494402,1.0,0.0,0.027394333970732987
0.28,0,history_kmeans,6.0,6,0.005586862565661076,0.2542761281363893,0.14649862736392674,1.7094051150796974,0.9716768788295611,0.08916146531641835,0.03379854199010879
0.28,0,history_kmeans,12.0,12,0.01425984807871118,0.15227814754217894,0.16146856003907417,1.6891995664492967,0.8903963986494935,0.3116567950898294,0.04366604203823954
0.28,1,prism_predictive,0.25,5,0.006731873068457047,0.018924253755417595,0.01469604700358288,1.7299488442426545,0.8792047017631611,0.4352164255288032,0.025563166942447424
0.28,1,prism_predictive,0.3,2,0.003279399768145792,0.0051274624692198515,0.0035628330179058383,1.7463209698346602,0.953232462173315,0.1562084648937052,0.025100500090047717
0.28,1,prism_predictive,0.35,1,0.0,0.0,0.0,1.7520947392951383,1.0,0.0,0.025076208054088056
0.28,1,prism_predictive,0.4,1,0.0,0.0,0.0,1.7520947392951383,1.0,0.0,0.024993416969664395
0.28,1,prism_predictive,0.45,1,0.0,0.0,0.0,1.7520947392951383,1.0,0.0,0.024796416983008385
0.28,1,prism_predictive,0.5,1,0.0,0.0,0.0,1.7520947392951383,1.0,0.0,0.02461308299098164
0.28,1,history_kmeans,3.0,3,0.0002769108855188732,0.10413314040546483,0.03482669891181456,1.743929430031615,0.9545454545454543,0.13277384663851471,0.024584959028288722
0.28,1,history_kmeans,6.0,6,0.005996261397120327,0.2518759178461516,0.13180698817593248,1.7225095619143864,0.9999999999999999,0.0,0.030616624979302287
0.28,1,history_kmeans,12.0,12,0.014223438877125894,0.1003934514588059,0.11599517986113198,1.712593113072752,0.7976741277979243,0.6029056077847019,0.038379374891519547
0.28,2,prism_predictive,0.25,10,0.01216750776121341,0.06524857465165748,0.047228915096317076,1.709743690219792,0.7692259597349009,0.7626840959224759,0.025241833995096385
0.28,2,prism_predictive,0.3,1,0.0,0.0,0.0,1.7439116899218978,1.0,0.0,0.024744459078647196
0.28,2,prism_predictive,0.35,1,0.0,0.0,0.0,1.7439116899218978,1.0,0.0,0.024548166897147894
0.28,2,prism_predictive,0.4,1,0.0,0.0,0.0,1.7439116899218978,1.0,0.0,0.024837083998136222
0.28,2,prism_predictive,0.45,1,0.0,0.0,0.0,1.7439116899218978,1.0,0.0,0.02456816704943776
0.28,2,prism_predictive,0.5,1,0.0,0.0,0.0,1.7439116899218978,1.0,0.0,0.02472350001335144
0.28,2,history_kmeans,3.0,3,0.00025452727947249923,0.054203781417054654,0.03971422406607315,1.7336799312358595,0.8118669501062898,0.6794455192855504,0.026385582983493805
0.28,2,history_kmeans,6.0,6,0.00018490097440757258,0.2986302897451488,0.14528509577387305,1.7267898267312685,0.9269726147305237,0.3135138788931603,0.03225962491706014
0.28,2,history_kmeans,12.0,12,0.022637836919720235,0.10090075844944828,0.13588343221498028,1.697511212852557,0.704764286607478,0.9517206660034203,0.04503504105377942
