obs_std,seed,method,method_param,n_states,ari_slow,ari_fast,ari_joint,gaussian_logloss,elapsed_s
0.15,0,kalman_predictive_single,0.25,1658,0.034431044371323306,-3.2440249766234036e-05,0.01817804399189231,0.220734620983935,1.0969254141673446
0.15,0,kalman_predictive_single,0.35,651,0.004781889417562218,-6.080784406417063e-05,0.0015441292433779257,0.220734620983935,1.0788879804313183
0.15,0,kalman_predictive_single,0.5,231,-0.0006172626313144332,4.577284182797949e-05,-0.00018689593341626926,0.220734620983935,1.0815752185881138
0.15,0,kalman_predictive_kmeans,3.0,3,0.47662299320139806,6.294956541252025e-06,0.18410587730511843,0.220734620983935,0.03293192386627197
0.15,0,kalman_predictive_kmeans,6.0,6,0.24830390123503038,2.3696804330675487e-05,0.13206179868933746,0.220734620983935,0.09504467435181141
0.15,0,kalman_predictive_kmeans,9.0,9,0.20416664060760262,0.0001713196808964513,0.12642548487843816,0.220734620983935,0.20254401955753565
0.15,0,kalman_predictive_kmeans,12.0,12,0.15379304145446657,0.00028906572747212537,0.10457446632548692,0.220734620983935,0.7776722833514214
0.15,0,kalman_predictive_kmeans,18.0,18,0.11160807092014217,0.0002621689986308918,0.0841451953086579,0.220734620983935,0.5387056199833751
0.15,0,obs_pca_kmeans,3.0,3,-0.00027389219529271486,0.001648644597264266,0.0005880887047216844,0.220734620983935,0.021258866414427757
0.15,0,obs_pca_kmeans,6.0,6,-0.00018767157331132554,0.20927240429794072,0.11113321057118465,0.220734620983935,0.0685213953256607
0.15,0,obs_pca_kmeans,9.0,9,-0.0001020299111666861,0.16021648417265463,0.09628515700315908,0.220734620983935,0.08827747777104378
0.15,0,obs_pca_kmeans,12.0,12,-0.00013153959166817674,0.1196454134100766,0.07845826177338061,0.220734620983935,0.17491593770682812
0.15,0,obs_pca_kmeans,18.0,18,-0.0001601241188636425,0.10815485754683987,0.0789689747392824,0.220734620983935,0.2431162241846323
0.15,0,history_kmeans,3.0,3,0.003758451729303961,-0.00013813172310872082,0.0014985638459916284,0.220734620983935,0.17951341159641743
0.15,0,history_kmeans,6.0,6,0.004894021638294488,0.01646118122123016,0.01205860479287515,0.220734620983935,0.8248194195330143
0.15,0,history_kmeans,9.0,9,0.0025006442310696723,0.01686039324628169,0.012298130974474015,0.220734620983935,0.7585821403190494
0.15,0,history_kmeans,12.0,12,0.0076681719822032325,0.019708793633419625,0.019215371567169733,0.220734620983935,1.489039815030992
0.15,0,history_kmeans,18.0,18,0.014567751593159275,0.01478046418099611,0.023909581632064775,0.220734620983935,1.5924448519945145
0.15,1,kalman_predictive_single,0.25,1698,0.038564553269248555,0.0003307226740237725,0.021803506638494882,0.14957406829539802,1.121253508143127
0.15,1,kalman_predictive_single,0.35,700,0.006604911345054905,9.035433828666913e-05,0.0021565388406007734,0.14957406829539802,1.1060155779123306
0.15,1,kalman_predictive_single,0.5,244,-0.0003909339485372179,2.7321097245130068e-05,-8.806198126358513e-05,0.14957406829539802,1.0803469624370337
0.15,1,kalman_predictive_kmeans,3.0,3,0.47679362799097535,-0.00020528593237670973,0.18381874608713916,0.14957406829539802,0.021572144702076912
0.15,1,kalman_predictive_kmeans,6.0,6,0.265980653289455,-5.161555957099844e-05,0.14128762997877622,0.14957406829539802,0.08843873348087072
0.15,1,kalman_predictive_kmeans,9.0,9,0.19840270904684204,-9.185027045579174e-05,0.12360989821676517,0.14957406829539802,0.21963656321167946
0.15,1,kalman_predictive_kmeans,12.0,12,0.1689336615616784,-2.3921787015331154e-05,0.11507781551779203,0.14957406829539802,0.43264393601566553
0.15,1,kalman_predictive_kmeans,18.0,18,0.12571523175027563,-4.061667248804242e-05,0.09451780897086717,0.14957406829539802,0.8049838561564684
0.15,1,obs_pca_kmeans,3.0,3,0.00012995756415834413,0.0008359178537405296,0.0002287906132335804,0.14957406829539802,0.04564621206372976
0.15,1,obs_pca_kmeans,6.0,6,0.0007507656927832438,0.23197172397380914,0.1235959934939645,0.14957406829539802,0.0648308889940381
0.15,1,obs_pca_kmeans,9.0,9,0.00019566078647377267,0.13984464084812112,0.08497532033155025,0.14957406829539802,0.13168430421501398
0.15,1,obs_pca_kmeans,12.0,12,-3.922418469542777e-05,0.11528982450109511,0.07547578625395676,0.14957406829539802,0.21390126831829548
0.15,1,obs_pca_kmeans,18.0,18,0.00023693748624915192,0.11760202830782325,0.08667525661925406,0.14957406829539802,0.20932391565293074
0.15,1,history_kmeans,3.0,3,0.0014836473769732962,0.00019261328004865121,0.0006218024776578618,0.14957406829539802,0.12552667781710625
0.15,1,history_kmeans,6.0,6,0.03667887250126275,0.02080468093308873,0.033075496313229515,0.14957406829539802,1.036193884909153
0.15,1,history_kmeans,9.0,9,0.038952551225162495,0.007580902632867093,0.029394454444199133,0.14957406829539802,1.0573822483420372
0.15,1,history_kmeans,12.0,12,0.0497113191504554,0.005449010602606612,0.03849721138257683,0.14957406829539802,2.005180122330785
0.15,1,history_kmeans,18.0,18,0.041955716617524445,0.011186206905837465,0.04245677034534708,0.14957406829539802,1.666376044973731
0.15,2,kalman_predictive_single,0.25,1860,0.01530470010787431,-8.878061431682984e-05,0.009701576403016646,0.18865543050150974,1.1568936025723815
0.15,2,kalman_predictive_single,0.35,783,0.0013228278632477714,-9.052802676834622e-05,0.00034993367955125817,0.18865543050150974,1.117917662486434
0.15,2,kalman_predictive_single,0.5,264,-0.00022713919573746834,-5.62210078297947e-06,-0.00012598949270600538,0.18865543050150974,1.1144816325977445
0.15,2,kalman_predictive_kmeans,3.0,3,0.45205805856181847,-0.0003225923185165253,0.178023257034484,0.18865543050150974,0.022761428728699684
0.15,2,kalman_predictive_kmeans,6.0,6,0.24543941230534988,4.248898386058645e-05,0.1316547836366836,0.18865543050150974,0.15565765090286732
0.15,2,kalman_predictive_kmeans,9.0,9,0.20379685943829842,-3.232164066399199e-05,0.12639554735549988,0.18865543050150974,0.19969485700130463
0.15,2,kalman_predictive_kmeans,12.0,12,0.15418045906847264,-2.7316620844823536e-05,0.10449664838230568,0.18865543050150974,0.4061130974441767
0.15,2,kalman_predictive_kmeans,18.0,18,0.11096416637756468,0.0001971797513840105,0.08388980870546382,0.18865543050150974,0.6752119045704603
0.15,2,obs_pca_kmeans,3.0,3,-5.673994091065466e-05,3.4127710726154274e-05,-8.705801930975596e-05,0.18865543050150974,0.041967456229031086
0.15,2,obs_pca_kmeans,6.0,6,0.00011117994156690283,0.23503619585140753,0.12365267218364125,0.18865543050150974,0.1765613853931427
0.15,2,obs_pca_kmeans,9.0,9,-0.0002657817469945724,0.14632531828383577,0.08693820183707689,0.18865543050150974,0.1293578976765275
0.15,2,obs_pca_kmeans,12.0,12,-0.0001897086075750939,0.1218500067920979,0.08042936155990611,0.18865543050150974,0.14973931945860386
0.15,2,obs_pca_kmeans,18.0,18,-6.611375455218374e-05,0.1179889251145278,0.0854840279471964,0.18865543050150974,0.40183021407574415
0.15,2,history_kmeans,3.0,3,0.0020267748577330958,-2.1159996342433984e-05,0.000710613433856514,0.18865543050150974,0.14449599757790565
0.15,2,history_kmeans,6.0,6,0.004115694100742766,0.015542101370315128,0.0103761272491427,0.18865543050150974,1.0683187851682305
0.15,2,history_kmeans,9.0,9,0.005930295835128271,0.013457063046161465,0.012133938666290053,0.18865543050150974,1.1903127701953053
0.15,2,history_kmeans,12.0,12,0.01998074344275461,0.013609410077480915,0.023466491395291233,0.18865543050150974,1.838156372308731
0.15,2,history_kmeans,18.0,18,0.03002623499534059,0.012421137636194447,0.03449361326475507,0.18865543050150974,2.0016589891165495
0.15,3,kalman_predictive_single,0.25,1877,0.015110442507716872,-0.00015996906572423377,0.010174848089834132,0.2598159417271816,1.1053095068782568
0.15,3,kalman_predictive_single,0.35,812,0.008730302519722028,-0.00020676321798284775,0.0028852906551825293,0.2598159417271816,1.1120458226650953
0.15,3,kalman_predictive_single,0.5,301,0.00024855976860377793,-0.00010146207319000755,7.89387304398581e-05,0.2598159417271816,1.1059423862025142
0.15,3,kalman_predictive_kmeans,3.0,3,0.31270520311331035,0.0006186749985175067,0.12495119593330505,0.2598159417271816,0.02856792788952589
0.15,3,kalman_predictive_kmeans,6.0,6,0.23425229107116,0.0004944173533246587,0.12584628658660507,0.2598159417271816,0.13021681271493435
0.15,3,kalman_predictive_kmeans,9.0,9,0.18761507612507425,0.00019686967306692944,0.11714437377648007,0.2598159417271816,0.3332809265702963
0.15,3,kalman_predictive_kmeans,12.0,12,0.12930403766117046,0.00031448972264592757,0.08806122826283456,0.2598159417271816,0.4811933133751154
0.15,3,kalman_predictive_kmeans,18.0,18,0.09853863407504741,9.539393911322086e-05,0.07332491411546989,0.2598159417271816,0.5302397143095732
0.15,3,obs_pca_kmeans,3.0,3,0.0009562016036454559,-1.5861880311797588e-05,0.00024020042836311848,0.2598159417271816,0.02650159876793623
0.15,3,obs_pca_kmeans,6.0,6,0.0007590968674645725,0.23775650976595142,0.1254021139277381,0.2598159417271816,0.03878059331327677
0.15,3,obs_pca_kmeans,9.0,9,0.0003803064148240723,0.14557857672492222,0.08839030018545233,0.2598159417271816,0.20000355504453182
0.15,3,obs_pca_kmeans,12.0,12,0.0007830550204372832,0.11736651808129714,0.07749494160587454,0.2598159417271816,0.2539651794359088
0.15,3,obs_pca_kmeans,18.0,18,0.00017343165400854406,0.12208233640324381,0.08901769688519648,0.2598159417271816,0.24368780106306076
0.15,3,history_kmeans,3.0,3,0.002028664186696172,0.0010236037539958537,0.0010280111106088538,0.2598159417271816,0.16100957430899143
0.15,3,history_kmeans,6.0,6,0.000673543114308501,0.009978258658468795,0.005893667811020632,0.2598159417271816,0.22747646272182465
0.15,3,history_kmeans,9.0,9,0.0021868858674019354,0.010970667248537954,0.008149038411669536,0.2598159417271816,1.5256749475374818
0.15,3,history_kmeans,12.0,12,0.0031231855816726568,0.016943241805805732,0.01352481928768527,0.2598159417271816,1.4466291572898626
0.15,3,history_kmeans,18.0,18,0.0027644143267684406,0.008266321726979007,0.008542101157339117,0.2598159417271816,2.4214772740378976
0.15,4,kalman_predictive_single,0.25,1185,0.025102898546075073,0.0005293392079233172,0.00956144100845095,0.2715565649798651,1.0729410983622074
0.15,4,kalman_predictive_single,0.35,490,0.003664671742704832,0.00010798569140097235,0.0012144747346953609,0.2715565649798651,1.0935599468648434
0.15,4,kalman_predictive_single,0.5,160,-0.0006237097787092809,-2.3214152218313344e-05,-0.00010588225348286605,0.2715565649798651,1.1053516380488873
0.15,4,kalman_predictive_kmeans,3.0,3,0.4039864416932907,0.0003837590286417484,0.15300210806338643,0.2715565649798651,0.030286177061498165
0.15,4,kalman_predictive_kmeans,6.0,6,0.30955904645193727,-0.00014316361997275884,0.16042486794272479,0.2715565649798651,0.122740906663239
0.15,4,kalman_predictive_kmeans,9.0,9,0.21554927110145763,0.00020401703367421722,0.13222835849518938,0.2715565649798651,0.5388042721897364
0.15,4,kalman_predictive_kmeans,12.0,12,0.16611591629203057,-0.0003667963382604596,0.11144273493526201,0.2715565649798651,0.4167278353124857
0.15,4,kalman_predictive_kmeans,18.0,18,0.1176623959951844,2.07129201473625e-05,0.08821123049688746,0.2715565649798651,0.6210086438804865
0.15,4,obs_pca_kmeans,3.0,3,0.00040276686558311315,0.002698237679943548,0.0015166009392537196,0.2715565649798651,0.03471963573247194
0.15,4,obs_pca_kmeans,6.0,6,0.00010883709201068076,0.21674422175051822,0.11612424113080827,0.2715565649798651,0.07110684085637331
0.15,4,obs_pca_kmeans,9.0,9,0.0005165518133705218,0.15355611887072573,0.09335979747362909,0.2715565649798651,0.09216053131967783
0.15,4,obs_pca_kmeans,12.0,12,0.0004384785506877899,0.11454759370755438,0.07589534435878766,0.2715565649798651,0.335469719953835
0.15,4,obs_pca_kmeans,18.0,18,0.00037764480584586443,0.1111376122629596,0.08258867634429445,0.2715565649798651,0.3517312817275524
0.15,4,history_kmeans,3.0,3,0.00019608728234958044,-0.00022434111114067755,0.00020634413687908228,0.2715565649798651,0.24851813074201345
0.15,4,history_kmeans,6.0,6,0.0007269196419852555,0.010348685740474968,0.006254488404299818,0.2715565649798651,0.8416112372651696
0.15,4,history_kmeans,9.0,9,0.0008959505667999742,0.01753454950557348,0.011589266359720213,0.2715565649798651,1.231814892962575
0.15,4,history_kmeans,12.0,12,0.0013651588961905265,0.018795267385563287,0.013976474641148715,0.2715565649798651,1.9994987370446324
0.15,4,history_kmeans,18.0,18,0.01101355894033894,0.02080014449232424,0.02496673113691755,0.2715565649798651,1.1964164767414331
0.25,0,kalman_predictive_single,0.25,1653,0.033430776276588,3.320541115553143e-05,0.01737181826751925,3.2190189740466493,1.1158485673367977
0.25,0,kalman_predictive_single,0.35,664,0.008635513186445324,-9.326232834295721e-05,0.0028071644289924653,3.2190189740466493,1.0898932665586472
0.25,0,kalman_predictive_single,0.5,233,-0.00032355857292826526,4.097943021816933e-05,-8.935404003989124e-05,3.2190189740466493,1.120547783561051
0.25,0,kalman_predictive_kmeans,3.0,3,0.4294841371624604,3.1996943677903093e-06,0.167134968080617,3.2190189740466493,0.036184909753501415
0.25,0,kalman_predictive_kmeans,6.0,6,0.23005181655927426,0.0002862030320329281,0.1229303860751912,3.2190189740466493,0.08236835710704327
0.25,0,kalman_predictive_kmeans,9.0,9,0.19281110252690822,0.0004831456271286137,0.11961672337815556,3.2190189740466493,0.17449449747800827
0.25,0,kalman_predictive_kmeans,12.0,12,0.1445167952551565,0.0007484245099356573,0.09909822697327925,3.2190189740466493,0.46358753461390734
0.25,0,kalman_predictive_kmeans,18.0,18,0.10177958028467367,0.00015951389230732735,0.07668745014632777,3.2190189740466493,0.7335040774196386
0.25,0,obs_pca_kmeans,3.0,3,-0.0002793931774809478,0.001042191948481465,0.000302769378575851,3.2190189740466493,0.029703320935368538
0.25,0,obs_pca_kmeans,6.0,6,-0.00027716054161109715,0.17997251961900607,0.09519265603015577,3.2190189740466493,0.11751706432551146
0.25,0,obs_pca_kmeans,9.0,9,0.00022409963433889785,0.13717312628043263,0.08283368374478196,3.2190189740466493,0.07240645866841078
0.25,0,obs_pca_kmeans,12.0,12,-4.6826165378747455e-05,0.10474176801850318,0.06874899030625682,3.2190189740466493,0.2572859674692154
0.25,0,obs_pca_kmeans,18.0,18,-5.77102622475648e-05,0.09181418840695374,0.06751976666575636,3.2190189740466493,0.4870137544348836
0.25,0,history_kmeans,3.0,3,0.0034170457983912347,-4.856832406984125e-06,0.0014203351828277555,3.2190189740466493,0.2116233129054308
0.25,0,history_kmeans,6.0,6,0.0022181354135274883,0.013831349362020774,0.008744546626444256,3.2190189740466493,0.7594665195792913
0.25,0,history_kmeans,9.0,9,0.002365949081803014,0.013228322824531966,0.009619730221840764,3.2190189740466493,0.9304232839494944
0.25,0,history_kmeans,12.0,12,0.006829242081052111,0.013181555826280602,0.013623428508511295,3.2190189740466493,1.7545481966808438
0.25,0,history_kmeans,18.0,18,0.014735404839391642,0.005600334507303592,0.017747193005290797,3.2190189740466493,2.5385578190907836
0.25,1,kalman_predictive_single,0.25,1689,0.02003910285608479,0.0002955477105005872,0.011413289907819242,3.153481872677353,1.1019968762993813
0.25,1,kalman_predictive_single,0.35,694,0.004592786337458234,0.00010025620781320249,0.0015333164924887953,3.153481872677353,1.06348688993603
0.25,1,kalman_predictive_single,0.5,222,-0.0016315763366530297,7.392381021317168e-05,-0.00038644747608998845,3.153481872677353,1.0841620294377208
0.25,1,kalman_predictive_kmeans,3.0,3,0.45771857772460683,-7.114066386087269e-05,0.1769943405045168,3.153481872677353,0.021664037369191647
0.25,1,kalman_predictive_kmeans,6.0,6,0.2456309617599188,-0.00028703903013373736,0.13055333014278853,3.153481872677353,0.2937116315588355
0.25,1,kalman_predictive_kmeans,9.0,9,0.17529887826089757,9.243401706296658e-05,0.10877711959197311,3.153481872677353,0.408103346824646
0.25,1,kalman_predictive_kmeans,12.0,12,0.15550355015039577,0.00010112300001725844,0.1060982687204659,3.153481872677353,0.5333002349361777
0.25,1,kalman_predictive_kmeans,18.0,18,0.11935187844123787,2.8047118321653176e-05,0.08967681288382796,3.153481872677353,0.6996066747233272
0.25,1,obs_pca_kmeans,3.0,3,0.0002913804484523715,0.0005514574912621267,0.00016808007965566922,3.153481872677353,0.05097653716802597
0.25,1,obs_pca_kmeans,6.0,6,0.0008671862576679104,0.19165450956471936,0.10207766708072676,3.153481872677353,0.06393052358180285
0.25,1,obs_pca_kmeans,9.0,9,8.254191595874853e-05,0.12493258701538253,0.07600727070116765,3.153481872677353,0.09896039869636297
0.25,1,obs_pca_kmeans,12.0,12,-5.467139683409734e-06,0.10430835760373282,0.06805176523467535,3.153481872677353,0.3635878683999181
0.25,1,obs_pca_kmeans,18.0,18,3.152092424785945e-05,0.09638692433205918,0.07059626866910121,3.153481872677353,0.36307130195200443
0.25,1,history_kmeans,3.0,3,0.00411120663156075,-0.0001736272770407399,0.0016527976660572381,3.153481872677353,0.13609660416841507
0.25,1,history_kmeans,6.0,6,0.005278034513439043,0.00987391256264304,0.008406792795401892,3.153481872677353,0.723120897077024
0.25,1,history_kmeans,9.0,9,0.05739474793499888,0.010037736685519275,0.04434322996353004,3.153481872677353,1.3837058199569583
0.25,1,history_kmeans,12.0,12,0.04674261130508848,0.015612164640462903,0.04393450968508438,3.153481872677353,1.4277595672756433
0.25,1,history_kmeans,18.0,18,0.04009843989327301,0.011947617642670334,0.041817157365898194,3.153481872677353,2.21337544452399
0.25,2,kalman_predictive_single,0.25,1817,0.01410631031834524,3.8207151162895124e-05,0.008128130144860036,3.1917079163602593,1.0590905817225575
0.25,2,kalman_predictive_single,0.35,742,0.004881732771514121,0.00014588138607423565,0.0016420203930881919,3.1917079163602593,1.0917587401345372
0.25,2,kalman_predictive_single,0.5,233,-0.00014916767205097232,1.4750869259183525e-05,-9.166402725160811e-05,3.1917079163602593,1.064517260529101
0.25,2,kalman_predictive_kmeans,3.0,3,0.41060304207471454,-0.0003670187755548926,0.16149297885408376,3.1917079163602593,0.020789832808077335
0.25,2,kalman_predictive_kmeans,6.0,6,0.23345289193088264,-0.00016148274992219515,0.12522293766019624,3.1917079163602593,0.11554308794438839
0.25,2,kalman_predictive_kmeans,9.0,9,0.19073735883799472,5.3187797212139e-06,0.11877704766365044,3.1917079163602593,0.3268573321402073
0.25,2,kalman_predictive_kmeans,12.0,12,0.1487670511680459,0.00016423095579734602,0.10092754387683614,3.1917079163602593,0.5606572180986404
0.25,2,kalman_predictive_kmeans,18.0,18,0.10424925298762497,0.0001100373858257145,0.0786295866094174,3.1917079163602593,0.636981169693172
0.25,2,obs_pca_kmeans,3.0,3,0.00012125630465633123,-9.31868029226057e-05,-0.00013811810631292044,3.1917079163602593,0.020914966240525246
0.25,2,obs_pca_kmeans,6.0,6,6.764568861640524e-05,0.18297145104172516,0.09664941404701313,3.1917079163602593,0.0627477876842022
0.25,2,obs_pca_kmeans,9.0,9,-0.00020965213394927634,0.12316263716055229,0.07505480533734087,3.1917079163602593,0.12469218298792839
0.25,2,obs_pca_kmeans,12.0,12,-0.00015414520878774638,0.10735084599279525,0.07054432247793979,3.1917079163602593,0.12231959402561188
0.25,2,obs_pca_kmeans,18.0,18,-8.671861350689345e-05,0.09848735554358953,0.07149320089535605,3.1917079163602593,0.17838414944708347
0.25,2,history_kmeans,3.0,3,0.0020195161407549206,2.8786302630820863e-05,0.0006479494784722179,3.1917079163602593,0.10685291700065136
0.25,2,history_kmeans,6.0,6,0.0019099329800730555,0.008874570732328712,0.005837598116902162,3.1917079163602593,1.0562450606375933
0.25,2,history_kmeans,9.0,9,0.007094630875924483,0.009992225272313028,0.010539921835451242,3.1917079163602593,0.900080094113946
0.25,2,history_kmeans,12.0,12,0.009340807489980948,0.01002697424376657,0.013702384706651036,3.1917079163602593,1.4786291308701038
0.25,2,history_kmeans,18.0,18,0.02465294419207448,0.010715401756357604,0.028557288717779433,3.1917079163602593,1.8748355340212584
0.25,3,kalman_predictive_single,0.25,1954,0.01940456993531271,0.0001319003816396368,0.012938155398380388,3.261175795675222,1.1051415465772152
0.25,3,kalman_predictive_single,0.35,841,0.008256920493772779,-0.00011326958059344167,0.0027610380995183054,3.261175795675222,1.0878334660083055
0.25,3,kalman_predictive_single,0.5,296,0.0004888026456339363,-6.58831417086868e-05,9.854888698213334e-05,3.261175795675222,1.082244522869587
0.25,3,kalman_predictive_kmeans,3.0,3,0.28958670783290663,0.0006974072924584449,0.11610406207479416,3.261175795675222,0.03172642923891544
0.25,3,kalman_predictive_kmeans,6.0,6,0.21197121211385084,0.0004988818788253189,0.11385991649996223,3.261175795675222,0.10422503016889095
0.25,3,kalman_predictive_kmeans,9.0,9,0.1713459722217299,0.0002499671507261234,0.10647422798480988,3.261175795675222,0.2510804459452629
0.25,3,kalman_predictive_kmeans,12.0,12,0.12893915588148544,0.00025730904783660604,0.08714693882460932,3.261175795675222,0.1968179140239954
0.25,3,kalman_predictive_kmeans,18.0,18,0.09323039273998235,9.579797721416502e-05,0.069648362739343,3.261175795675222,0.6593484980985522
0.25,3,obs_pca_kmeans,3.0,3,0.0008167871310451387,9.490458648298454e-05,0.00020941118128561863,3.261175795675222,0.019239417277276516
0.25,3,obs_pca_kmeans,6.0,6,0.000546363143762248,0.1845573867896224,0.0973286443922851,3.261175795675222,0.0537740383297205
0.25,3,obs_pca_kmeans,9.0,9,0.0007286400022854357,0.12887711855664508,0.0783092746220481,3.261175795675222,0.13191855419427156
0.25,3,obs_pca_kmeans,12.0,12,0.0007262330585929606,0.10784677625668518,0.07095589317689668,3.261175795675222,0.20924561470746994
0.25,3,obs_pca_kmeans,18.0,18,0.0005856161402762673,0.09428037573474682,0.06928881411685411,3.261175795675222,0.45303042884916067
0.25,3,history_kmeans,3.0,3,0.0021716665586607054,0.000897977003729999,0.0010648858653905535,3.261175795675222,0.18267529364675283
0.25,3,history_kmeans,6.0,6,0.0013583619978855804,0.014973484329339821,0.008986050672070083,3.261175795675222,0.46238225046545267
0.25,3,history_kmeans,9.0,9,0.001440955462376918,0.008968077218506957,0.006514599520423952,3.261175795675222,1.5396399889141321
0.25,3,history_kmeans,12.0,12,0.002484945513356979,0.008838835380854025,0.007816350253045825,3.261175795675222,1.1803995883092284
0.25,3,history_kmeans,18.0,18,0.013699125405495914,0.011355565282686577,0.019751072647393092,3.261175795675222,3.2258592071011662
0.25,4,kalman_predictive_single,0.25,1201,0.030051009615189795,0.00032795480832902447,0.01204755767555337,3.27018481970653,1.0776112200692296
0.25,4,kalman_predictive_single,0.35,487,0.0017866345130848904,9.274588301302894e-05,0.0005265975245700584,3.27018481970653,1.0889056278392673
0.25,4,kalman_predictive_single,0.5,161,-0.0003259214870736688,-3.6928464176268057e-05,-0.00010180129805436919,3.27018481970653,1.0561449779197574
0.25,4,kalman_predictive_kmeans,3.0,3,0.3736540734632518,0.00025893171831210663,0.1418701595951276,3.27018481970653,0.042235834524035454
0.25,4,kalman_predictive_kmeans,6.0,6,0.2758579640334674,0.0003032692672285273,0.1413062255178824,3.27018481970653,0.06933087948709726
0.25,4,kalman_predictive_kmeans,9.0,9,0.19078717998105219,7.36013028028774e-05,0.11729371880517987,3.27018481970653,0.520977127365768
0.25,4,kalman_predictive_kmeans,12.0,12,0.14623634476421377,0.0001647779360009002,0.09872701562928442,3.27018481970653,0.6057001734152436
0.25,4,kalman_predictive_kmeans,18.0,18,0.10788229556048154,-0.00014769125800680562,0.08027945055159302,3.27018481970653,1.205051933415234
0.25,4,obs_pca_kmeans,3.0,3,0.00031905250645161817,0.0028689298343243866,0.0016025783246011581,3.27018481970653,0.03462175466120243
0.25,4,obs_pca_kmeans,6.0,6,0.0006292266711822734,0.058923725859487915,0.031565193447338824,3.27018481970653,0.07946657203137875
0.25,4,obs_pca_kmeans,9.0,9,0.0004996202830861539,0.1323878970713284,0.08060183433174072,3.27018481970653,0.10617295745760202
0.25,4,obs_pca_kmeans,12.0,12,0.0006043756351991156,0.1004315524141582,0.06717409273098136,3.27018481970653,0.14832346886396408
0.25,4,obs_pca_kmeans,18.0,18,0.000347685462174006,0.09655564334230314,0.07145144777799223,3.27018481970653,0.21403401345014572
0.25,4,history_kmeans,3.0,3,0.0003668675949916785,9.810172048197546e-05,0.0003554995896391934,3.27018481970653,0.20328322052955627
0.25,4,history_kmeans,6.0,6,0.0014143199089071406,0.009380079778204174,0.0061054497523450576,3.27018481970653,0.40363536681979895
0.25,4,history_kmeans,9.0,9,0.0005899405814862181,0.01732341669484567,0.011403502140824136,3.27018481970653,0.9630252290517092
0.25,4,history_kmeans,12.0,12,0.01027077878563757,0.010620777367579652,0.014186520669624078,3.27018481970653,1.9542588647454977
0.25,4,history_kmeans,18.0,18,0.01626144920596173,0.017690503487113245,0.027427553263730923,3.27018481970653,1.6157922465354204
0.4,0,kalman_predictive_single,0.25,1679,0.027051762763323974,0.0008056809042732928,0.014902601861289532,6.063486241499312,1.1004247311502695
0.4,0,kalman_predictive_single,0.35,668,0.003161241466262393,1.6337442650648703e-05,0.0010499845884075823,6.063486241499312,1.145657991990447
0.4,0,kalman_predictive_single,0.5,226,-0.0006535826335242047,1.1002618199710997e-05,-0.00016039341808057943,6.063486241499312,1.1482902178540826
0.4,0,kalman_predictive_kmeans,3.0,3,0.3679735397587391,0.00018084254589827427,0.14301703625134493,6.063486241499312,0.03703553322702646
0.4,0,kalman_predictive_kmeans,6.0,6,0.21357779853217745,0.0005066680173894452,0.1142780289308368,6.063486241499312,0.1746155610308051
0.4,0,kalman_predictive_kmeans,9.0,9,0.17601214927640713,0.0002553195756703084,0.10906069690922829,6.063486241499312,0.20475394371896982
0.4,0,kalman_predictive_kmeans,12.0,12,0.12735120257632723,0.0008341676217800656,0.08716236314134608,6.063486241499312,0.7052795104682446
0.4,0,kalman_predictive_kmeans,18.0,18,0.08995063392319795,0.00029692864801422297,0.06780320044451917,6.063486241499312,0.8153241677209735
0.4,0,obs_pca_kmeans,3.0,3,-0.00021485619712998042,0.0007133369607495068,0.0003410582292694953,6.063486241499312,0.047712002880871296
0.4,0,obs_pca_kmeans,6.0,6,7.264675848432558e-05,0.12564059095413127,0.06611418863078104,6.063486241499312,0.05529639311134815
0.4,0,obs_pca_kmeans,9.0,9,0.00017284564874086368,0.09714762455134757,0.05848949975382153,6.063486241499312,0.1435857815667987
0.4,0,obs_pca_kmeans,12.0,12,5.589882465212117e-05,0.0741762161625398,0.04926417218300261,6.063486241499312,0.3118524271994829
0.4,0,obs_pca_kmeans,18.0,18,-6.552737812880774e-05,0.06432227489550332,0.047004559264455924,6.063486241499312,0.4236298566684127
0.4,0,history_kmeans,3.0,3,0.0015321924923863016,3.4366644640404364e-06,0.0007845844303451054,6.063486241499312,0.21807717066258192
0.4,0,history_kmeans,6.0,6,0.0008141266317496274,0.015224499319830338,0.00884094159024857,6.063486241499312,0.7455676468089223
0.4,0,history_kmeans,9.0,9,0.0027630489427711924,0.009441720557513373,0.007426810011734679,6.063486241499312,1.3742759972810745
0.4,0,history_kmeans,12.0,12,0.005944889038228148,0.013211461300630608,0.01309897738038224,6.063486241499312,1.580472812987864
0.4,0,history_kmeans,18.0,18,0.015991411363920065,0.010245071618974479,0.02037425745641998,6.063486241499312,2.101004128344357
0.4,1,kalman_predictive_single,0.25,1669,0.023695670869546537,-7.444877976913892e-06,0.012794684528088816,6.009283978715764,1.072611859999597
0.4,1,kalman_predictive_single,0.35,709,0.0050348212724216045,-5.196015328805345e-05,0.0015745052059856172,6.009283978715764,1.0769169544801116
0.4,1,kalman_predictive_single,0.5,234,-0.0016279295825117374,5.66721619479705e-05,-0.0004247995985283829,6.009283978715764,1.1159295551478863
0.4,1,kalman_predictive_kmeans,3.0,3,0.4268958189467477,-0.00011934455734975088,0.1664577137946136,6.009283978715764,0.028270659036934376
0.4,1,kalman_predictive_kmeans,6.0,6,0.23056049523267533,-0.0003767093659608654,0.12227778540967049,6.009283978715764,0.24684173241257668
0.4,1,kalman_predictive_kmeans,9.0,9,0.17476991387592303,-0.0002793906544382405,0.10886277039368962,6.009283978715764,0.2502701720222831
0.4,1,kalman_predictive_kmeans,12.0,12,0.1415459780068427,-0.0002832158027888842,0.0955015371705364,6.009283978715764,0.5466125477105379
0.4,1,kalman_predictive_kmeans,18.0,18,0.10658346190822175,-0.000266963943742912,0.07911770396721113,6.009283978715764,0.880703579634428
0.4,1,obs_pca_kmeans,3.0,3,0.0002913360597441481,0.0005648817943517849,0.0001304729267600058,6.009283978715764,0.0806620167568326
0.4,1,obs_pca_kmeans,6.0,6,0.00045615471252678064,0.1304195368925165,0.06923606603715161,6.009283978715764,0.059072271920740604
0.4,1,obs_pca_kmeans,9.0,9,-1.4985086393306506e-06,0.09603848112838481,0.0584806115096887,6.009283978715764,0.1172915194183588
0.4,1,obs_pca_kmeans,12.0,12,5.875099531654793e-05,0.08333337655478763,0.05534981705401291,6.009283978715764,0.12916661240160465
0.4,1,obs_pca_kmeans,18.0,18,0.0002121609797483552,0.06447760206554408,0.047683447845862606,6.009283978715764,0.5572232259437442
0.4,1,history_kmeans,3.0,3,0.008129220981144762,-0.00014120450047663995,0.0032343531194015,6.009283978715764,0.11357512138783932
0.4,1,history_kmeans,6.0,6,0.029752313914781094,0.005034962916770041,0.019258362268802075,6.009283978715764,0.5522821228951216
0.4,1,history_kmeans,9.0,9,0.04114863771447497,0.0032219091055736343,0.0281596634411337,6.009283978715764,1.0073320791125298
0.4,1,history_kmeans,12.0,12,0.03732255565514164,0.009816826571983328,0.03342846828635103,6.009283978715764,1.03133225440979
0.4,1,history_kmeans,18.0,18,0.03234739063666388,0.007397760484328075,0.030567036345666623,6.009283978715764,1.599192918278277
0.4,2,kalman_predictive_single,0.25,1836,0.016977605242063425,0.000214160062255037,0.010758848370304977,6.0445255066755035,1.1118904277682304
0.4,2,kalman_predictive_single,0.35,762,0.0032552115379078242,-4.3630149870484804e-05,0.0010192818894847523,6.0445255066755035,1.1313279308378696
0.4,2,kalman_predictive_single,0.5,246,-5.1667379128837006e-05,-5.1077310465337784e-05,-7.101365916730867e-05,6.0445255066755035,1.0986585738137364
0.4,2,kalman_predictive_kmeans,3.0,3,0.36469503401516534,-0.0003583028725767135,0.14329262451804642,6.0445255066755035,0.02823380846530199
0.4,2,kalman_predictive_kmeans,6.0,6,0.2200956966281931,-0.0001584247148619781,0.11818261218350827,6.0445255066755035,0.1269115274772048
0.4,2,kalman_predictive_kmeans,9.0,9,0.16217734910092316,-4.234996315392599e-05,0.10036601784449699,6.0445255066755035,0.22730416618287563
0.4,2,kalman_predictive_kmeans,12.0,12,0.13684807231213944,0.00012279710784835206,0.09284643401576086,6.0445255066755035,0.37971719168126583
0.4,2,kalman_predictive_kmeans,18.0,18,0.0966151074067033,8.793596323622447e-05,0.07240259966441041,6.0445255066755035,0.9419572940096259
0.4,2,obs_pca_kmeans,3.0,3,0.0002927258426112937,9.307962430807528e-05,5.948661691352545e-05,6.0445255066755035,0.019270597957074642
0.4,2,obs_pca_kmeans,6.0,6,-9.756297148928057e-05,0.13113986225331845,0.06881742226218072,6.0445255066755035,0.03526310250163078
0.4,2,obs_pca_kmeans,9.0,9,0.000114270973606163,0.09643827290455098,0.059009675724368785,6.0445255066755035,0.08364417403936386
0.4,2,obs_pca_kmeans,12.0,12,-0.0001356927799053455,0.08358151730996566,0.05507953430005482,6.0445255066755035,0.1233449736610055
0.4,2,obs_pca_kmeans,18.0,18,0.00020212452359638777,0.06742043538544708,0.04963360526866846,6.0445255066755035,0.27870179526507854
0.4,2,history_kmeans,3.0,3,0.002244370433530053,0.00015076514362149946,0.0007498011347021678,6.0445255066755035,0.23712931107729673
0.4,2,history_kmeans,6.0,6,0.005002427196055272,0.007203829701433355,0.006591893357433757,6.0445255066755035,0.32301671989262104
0.4,2,history_kmeans,9.0,9,0.009256545942128356,0.008995806550088642,0.011841872002131363,6.0445255066755035,1.0360525697469711
0.4,2,history_kmeans,12.0,12,0.013084120778251855,0.0046869232290093436,0.012928352362842519,6.0445255066755035,1.8447999935597181
0.4,2,history_kmeans,18.0,18,0.0223385381445699,0.005990707740787413,0.022569352283014515,6.0445255066755035,1.4264245023950934
0.4,3,kalman_predictive_single,0.25,1991,0.015876188081094183,-8.182374419369936e-05,0.009873008176999211,6.10963094690454,1.12143409345299
0.4,3,kalman_predictive_single,0.35,845,0.007696793796365572,-9.33019724022997e-05,0.00266486315318275,6.10963094690454,1.0955191645771265
0.4,3,kalman_predictive_single,0.5,313,0.0004898648054028343,-5.248406640365099e-05,8.843322274572998e-05,6.10963094690454,1.1126413196325302
0.4,3,kalman_predictive_kmeans,3.0,3,0.253735298802868,0.0007878682628985287,0.10179391332292774,6.10963094690454,0.04347599949687719
0.4,3,kalman_predictive_kmeans,6.0,6,0.19169141301600318,0.0003965266065684812,0.10322882338513306,6.10963094690454,0.1176386782899499
0.4,3,kalman_predictive_kmeans,9.0,9,0.14492128162262793,0.00029805664847983666,0.09006509924111283,6.10963094690454,0.5086893392726779
0.4,3,kalman_predictive_kmeans,12.0,12,0.10714381018491596,0.00047017207887728907,0.07290814963054458,6.10963094690454,0.587195654399693
0.4,3,kalman_predictive_kmeans,18.0,18,0.08079961379596402,0.00016589000315831616,0.06050741336567311,6.10963094690454,0.5841341055929661
0.4,3,obs_pca_kmeans,3.0,3,0.0002792956819797155,-1.0849495502793523e-05,-5.1675522637802565e-05,6.10963094690454,0.01964700035750866
0.4,3,obs_pca_kmeans,6.0,6,0.0004401120336603605,0.12052644438049008,0.06376783053631148,6.10963094690454,0.10859523620456457
0.4,3,obs_pca_kmeans,9.0,9,0.0005716415189410294,0.09694620333376959,0.058120916208104376,6.10963094690454,0.1808855226263404
0.4,3,obs_pca_kmeans,12.0,12,0.0004409631960480081,0.08302712614984713,0.05425504154767602,6.10963094690454,0.129128560423851
0.4,3,obs_pca_kmeans,18.0,18,0.00044228845215653546,0.0621647257057928,0.04572970649905164,6.10963094690454,0.32416285295039415
0.4,3,history_kmeans,3.0,3,0.0019672960500010392,0.0007861963417190097,0.001001664999799203,6.10963094690454,0.24747823178768158
0.4,3,history_kmeans,6.0,6,0.0015561916650716134,0.016279471567822893,0.009418644491517074,6.10963094690454,0.624729641713202
0.4,3,history_kmeans,9.0,9,0.0016711852163274832,0.008058351869647198,0.0059702249015716104,6.10963094690454,1.007265156134963
0.4,3,history_kmeans,12.0,12,0.0051248103184180285,0.017376584103259894,0.0156586397274944,6.10963094690454,1.7253361018374562
0.4,3,history_kmeans,18.0,18,0.005897353018166557,0.011483973727906022,0.013706173176387282,6.10963094690454,0.9595710439607501
0.4,4,kalman_predictive_single,0.25,1207,0.023919995342624394,0.0009228241712829556,0.00966414004051751,6.122252456857034,1.122016491368413
0.4,4,kalman_predictive_single,0.35,484,0.0035221397381717022,-5.3108603051703416e-05,0.0009412307591033068,6.122252456857034,1.1131057627499104
0.4,4,kalman_predictive_single,0.5,177,-0.00043352479297444215,-1.9562791281187932e-05,-8.693117246392812e-05,6.122252456857034,1.086714267730713
0.4,4,kalman_predictive_kmeans,3.0,3,0.3190610096477528,4.821969781820458e-05,0.12112611840613167,6.122252456857034,0.031348858028650284
0.4,4,kalman_predictive_kmeans,6.0,6,0.22970522224398998,0.0003303289287133233,0.11998394137382191,6.122252456857034,0.14399576280266047
0.4,4,kalman_predictive_kmeans,9.0,9,0.1591516749422164,-9.959675955121953e-05,0.09789095172356539,6.122252456857034,0.3180303554981947
0.4,4,kalman_predictive_kmeans,12.0,12,0.1260312746247011,-7.776428315195664e-05,0.08500914968894029,6.122252456857034,0.49939087964594364
0.4,4,kalman_predictive_kmeans,18.0,18,0.08893560826315097,0.00019840746801488832,0.0664482468621921,6.122252456857034,0.9460402224212885
0.4,4,obs_pca_kmeans,3.0,3,-1.3004945630654755e-05,0.0007822466876754715,0.00035480879809674816,6.122252456857034,0.027347441762685776
0.4,4,obs_pca_kmeans,6.0,6,0.00047430673524884756,0.12037066331239767,0.06459207143599358,6.122252456857034,0.05622831825166941
0.4,4,obs_pca_kmeans,9.0,9,0.0005094192773944342,0.09265979194366009,0.05695381117778144,6.122252456857034,0.07548707723617554
0.4,4,obs_pca_kmeans,12.0,12,0.00039636314779416986,0.07475318548748766,0.04963423431731708,6.122252456857034,0.1368802059441805
0.4,4,obs_pca_kmeans,18.0,18,-9.713736662687715e-06,0.06394101741314234,0.04710227478523751,6.122252456857034,0.3887449447065592
0.4,4,history_kmeans,3.0,3,8.125397577763945e-05,0.0003988685444104347,0.00033582644787997676,6.122252456857034,0.1506974371150136
0.4,4,history_kmeans,6.0,6,0.0006049175427187796,0.009686659678257221,0.005654049750911738,6.122252456857034,0.9886952275410295
0.4,4,history_kmeans,9.0,9,0.0012443202289619754,0.013685619672605783,0.009195468395705515,6.122252456857034,1.5495413290336728
0.4,4,history_kmeans,12.0,12,0.011186518018748577,0.01090672643663304,0.014893242484406011,6.122252456857034,1.0436104303225875
0.4,4,history_kmeans,18.0,18,0.010585750361696693,0.011961730293411653,0.018377433417299624,6.122252456857034,2.007794397883117
